"요청 번호","원본 RF 범위","웹 영역","영역","상세명","형태","추가설명","대응 슬라이드","대응 RF","현재 판정","추가 검수"
"1","RF-01-06-01","홈페이지","주문조회","입력페이지","Web Page","","20","RF-01-06-01","부분검증 (개별 인수 미완료)","20: 비회원 주문 확인, 소유권, 수동 회수정보 검증. 팝업 모든 상태의 개별 인수 미완료."
"2","RF-01-06-02","홈페이지","주문조회","주문 상세 페이지","Web Page","","21","RF-01-06-02","부분검증 (개별 인수 미완료)","21: 비회원 주문 확인, 소유권, 수동 회수정보 검증. 팝업 모든 상태의 개별 인수 미완료."
"3","RF-01-06-02-1","홈페이지","주문조회","취소신청","Layer popup","","22","RF-01-06-02-1","부분검증 (개별 인수 미완료)","22: 비회원 주문 확인, 소유권, 수동 회수정보 검증. 팝업 모든 상태의 개별 인수 미완료."
"4","RF-01-06-02-2","홈페이지","주문조회","반품신청","Layer popup","","23","RF-01-06-02-2","부분검증 (개별 인수 미완료)","23: 비회원 주문 확인, 소유권, 수동 회수정보 검증. 팝업 모든 상태의 개별 인수 미완료."
"5","RF-01-06-02-3","홈페이지","주문조회","교환신청","Layer popup","","24","RF-01-06-02-3","부분검증 (개별 인수 미완료)","24: 비회원 주문 확인, 소유권, 수동 회수정보 검증. 팝업 모든 상태의 개별 인수 미완료."
"6","RF-01-06-02-4","홈페이지","주문조회","구매확정하기","Layer popup","","25","RF-01-06-02-4","부분검증 (개별 인수 미완료)","25: 비회원 주문 확인, 소유권, 수동 회수정보 검증. 팝업 모든 상태의 개별 인수 미완료."
"7","RF-01-06-02-5","홈페이지","주문조회","상품 문의하기","Layer popup","","26","RF-01-06-02-5","부분검증 (개별 인수 미완료)","26: 비회원 주문 확인, 소유권, 수동 회수정보 검증. 팝업 모든 상태의 개별 인수 미완료."
"8","RF-01-07-02","홈페이지","회원영역","간편 회원 약관 동의 페이지","Web Page","","29","RF-01-07-02","자료 대기/부분검증","29: 최종 이용약관/개인정보/제3자 제공 동의 원문, 버전, 시행일이 제공되지 않음. 소셜 외부연동 제외."
"9","RF-01-07-11-1","홈페이지","회원영역","배송지 설정","Layer popup","","41","RF-01-07-11-1","부분검증 (개별 인수 미완료)","41: 주요 회원/배송지/주문 동작 테스트. 본인인증/소셜 제외. 전체 필드와 레이어별 인수는 미완료."
"10","RF-01-07-11-3","홈페이지","회원영역","배송지 수정","Layer popup","","43","RF-01-07-11-3","부분검증 (개별 인수 미완료)","43: 주요 회원/배송지/주문 동작 테스트. 본인인증/소셜 제외. 전체 필드와 레이어별 인수는 미완료."
"11","RF-01-07-14-1","홈페이지","회원영역","방문한 채널 화면에서 QR확대 보기","Layer popup","방문한 채널 목록에서 QR코드 부분을 클릭했을 때 확대되는 QR 창이 표시되는 페이지 요청","48","RF-01-07-14-1","부분검증 (개별 인수 미완료)","48: 주요 회원/배송지/주문 동작 테스트. 본인인증/소셜 제외. 전체 필드와 레이어별 인수는 미완료."
"12","RF-01-07-15-1","홈페이지","회원영역","사용가능한 shop채널 보기","Layer popup","보기를 클릭했을 때 표시되는 Shop 채널목록과 QR을 클릭했을 때 확대되는 QR 창 표시하는 페이지 요청","50","RF-01-07-15-1","부분검증 (개별 인수 미완료)","50: 지갑 소유권/채널 구분, 폐쇄 후 전환, 사용/복구 일부 시나리오 테스트. 동시 실행/운영 이력 대조 미완료."
"13","RF-01-07-16-1","홈페이지","회원영역","장바구니 목록에서 QR확대 보기","Layer popup","장바구니 목록에서 QR코드 부분을 클릭했을 때 확대되는 QR 창이 표시되는 페이지 요청","53","RF-01-07-16-1","부분검증 (개별 인수 미완료)","53: 주요 회원/배송지/주문 동작 테스트. 본인인증/소셜 제외. 전체 필드와 레이어별 인수는 미완료."
"14","RF-02-04-02-1","채널관리자","Shop채널관리","공개여부가 비공개시 인원관리 페이지","Layer popup","Shop 채널을 비공개로 전환했을 때, 접속가능한 인원 관리페이지","79","RF-02-04-02-1","부분검증 (개별 인수 미완료)","79: Shop 소유권/복사/입장/상품 연결과 주요 팝업 테스트. 모든 세부 설정 조합 인수 미완료."
"15","RF-02-04-02-2","채널관리자","Shop채널관리","그룹 keyword 추가할 때의 화면 페이지","Web Page","그룹keyword 등록시 추가되는 keyword 가  보이는 페이지 요청","80","RF-02-04-02-2","부분검증 (개별 인수 미완료)","80: Shop 소유권/복사/입장/상품 연결과 주요 팝업 테스트. 모든 세부 설정 조합 인수 미완료."
"16","RF-02-04-02-3","채널관리자","Shop채널관리","사용기간 여부를 기간제로 했을 때 화면 페이지","Web Page","Shop채널 사용주기에서 사용기간 여부가 기간제일 경우 사용기간이 표시되는 페이지 요청","82","RF-02-04-02-3","부분검증 (개별 인수 미완료)","82: Shop 소유권/복사/입장/상품 연결과 주요 팝업 테스트. 모든 세부 설정 조합 인수 미완료."
"17","RF-02-04-02-5-2","채널관리자","Shop채널관리","구매현황 문자알림을 사용할 때 화면 페이지","Web Page","구매현황 문자알림에서 사용할 때 알림문자설정이 표시되는 페이지 요청","85","RF-02-04-02-5-2","외부연동 제외/부분검증","85: 4종 템플릿/실패 격리/미발송 무과금/중복 상태 알림 방지 검증. 실 발송·과금 확인 제외."
"18","RF-02-04-02-6","채널관리자","Shop채널관리","OG 태그 사용여부가  사용할 때 화면 페이지","Web Page","사용시 표시되는 화면 요청","86","RF-02-04-02-6","부분검증 (개별 인수 미완료)","86: Shop 소유권/복사/입장/상품 연결과 주요 팝업 테스트. 모든 세부 설정 조합 인수 미완료."
"19","RF-02-04-02-6-1","채널관리자","Shop채널관리","Shop 채널 PG 정보를 사용할 때 화면 페이지","Web Page","사용시 표시되는 화면 요청","87","RF-02-04-02-6-1","외부연동 제외","87: 실 PG 승인/취소/환불/웹훅 구현 및 인수 미완료. 운영 모의 결제 차단."
"20","RF-02-04-02-7","채널관리자","Shop채널관리","Shop 채널 (모니터링) 관리자 정보를 사용할 때 화면 페이지","Web Page","사용시 표시되는 화면 요청","88","RF-02-04-02-7","구현/회귀검증","88: 전용 로그인, Shop/판매자 범위 읽기 전용 주문 현황, 기간/중지/비밀번호 변경 시 세션 폐기. PC/태블릿/모바일 검수. 정산 실행 권한은 제공하지 않음."
"21","RF-02-04-05-3","채널관리자","Shop채널관리","Shop 채널의 상세페이지에서 판매상품 추가시 ","Layer popup","Shop 채널의 상세페이지내에 판매상품 추가화면에서 추가하기 버튼을 클릭했을 때 표시되는 팝업창

이 팝업창은 부모창에서 판매상품 추가 버튼을 클릭했을 때 뜨는 상품표시 팝업창에 추가하는 두번째의 팝업창으로 팝업창에서 팝업창이 뜨는 퍼포먼스 구현이 된 페이지를 요청","95","RF-02-04-05-3","부분검증 (개별 인수 미완료)","95: Shop 소유권/복사/입장/상품 연결과 주요 팝업 테스트. 모든 세부 설정 조합 인수 미완료."
"22","RF-02-04-05-5","채널관리자","Shop채널관리","상품 확인용 popup 페이지","Layer popup","Shop 채널의 상세페이지에서 판매상품 추가를 클릭하면 상품목록창이 popup 되는 데, 해당 페이지의 두번째 탭메뉴를 클릭했을 때 보이는 상세보기를 클릭할 때 나오는 상품페이지","97","RF-02-04-05-5","부분검증 (개별 인수 미완료)","97: Shop 소유권/복사/입장/상품 연결과 주요 팝업 테스트. 모든 세부 설정 조합 인수 미완료."
"23","RF-02-04-05-6","채널관리자","Shop채널관리","상품 추가용 popup 페이지","Layer popup","공유상품을 등록할 때 화면패턴이 2개입니다. 위탁판매 화면을 요청합니다.","98","RF-02-04-05-6","부분검증 (개별 인수 미완료)","98: Shop 소유권/복사/입장/상품 연결과 주요 팝업 테스트. 모든 세부 설정 조합 인수 미완료."
"24","RF-02-04-05-8","채널관리자","Shop채널관리","상품 판매 신청용 popup 페이지 ","Layer popup","","100","RF-02-04-05-8","부분검증 (개별 인수 미완료)","100: Shop 소유권/복사/입장/상품 연결과 주요 팝업 테스트. 모든 세부 설정 조합 인수 미완료."
"25","RF-02-05-02-1","채널관리자","상품관리","상품 대분류 선택시 표시되는 상품 유형별 필수 표시 사항 화면 페이지","Web Page","상품 대분류 선택 시 필수표시 등록표가 변경되는 화면요청","117","RF-02-05-02-1","부분검증 (개별 인수 미완료)","117: 상품 가격 제한/소유권/수량/재고/공유상품 테스트. 옵션 유형 전체 및 공급 계약 대조 미완료."
"26","RF-02-05-02-2","채널관리자","상품관리","상품정보 등록타입별 변화되는 화면 페이지","Web Page","","118","RF-02-05-02-2","부분검증 (개별 인수 미완료)","118: 상품 가격 제한/소유권/수량/재고/공유상품 테스트. 옵션 유형 전체 및 공급 계약 대조 미완료."
"27","RF-02-05-02-4","채널관리자","상품관리","상품 옵션 사용에 따라 변화되는 화면 페이지","Web Page","옵션의 추가와 삭제에 따라 생성되고 사라지는 화면 퍼포먼스가 필요합니다","120","RF-02-05-02-4","구현/회귀검증","120: 별도 price_adjustment에 +/- 증감액 저장, 구매 금액/스냅샷/원자적 저장/취소 재고 복구 검증. 차액 옵션 교환은 차액 PG 미연동으로 차단. 과거 price는 임의 이관하지 않음."
"28","RF-02-05-02-5","채널관리자","상품관리","상품 제약 조건에 따라 변화되는 화면 페이지","Web Page","","121","RF-02-05-02-5","부분검증 (개별 인수 미완료)","121: 상품 가격 제한/소유권/수량/재고/공유상품 테스트. 옵션 유형 전체 및 공급 계약 대조 미완료."
"29","RF-02-06-01","채널관리자","공동구매","공동구매상품 목록 페이지","Web Page","","128","RF-02-06-01","부분검증 (개별 인수 미완료)","128: 수량별 재산정과 원 결제금액 보존 테스트. 취소 후 수량 경계/동시성/차액 지급 및 재결제 인수 미완료."
"30","RF-02-06-02","채널관리자","공동구매","공동구매상품 등록화면 페이지","Web Page","","130","RF-02-06-02","부분검증 (개별 인수 미완료)","130: 수량별 재산정과 원 결제금액 보존 테스트. 취소 후 수량 경계/동시성/차액 지급 및 재결제 인수 미완료."
"31","~ RF-02-06-03","채널관리자","공동구매","상품 대분류 선택시 표시되는 상품 유형별 필수 표시 사항 화면 페이지","Web Page","상품등록에서 요청한 내용처럼 공동구매 상품도 동일한 퍼포먼스가 적용된 화면이 필요합니다.","131;132;133;134;135;136","RF-02-06-02-1;RF-02-06-02-2;RF-02-06-02-3;RF-02-06-02-4;RF-02-06-02-5;RF-02-06-03","부분검증 (개별 인수 미완료)","131: 수량별 재산정과 원 결제금액 보존 테스트. 취소 후 수량 경계/동시성/차액 지급 및 재결제 인수 미완료.
132: 수량별 재산정과 원 결제금액 보존 테스트. 취소 후 수량 경계/동시성/차액 지급 및 재결제 인수 미완료.
133: 수량별 재산정과 원 결제금액 보존 테스트. 취소 후 수량 경계/동시성/차액 지급 및 재결제 인수 미완료.
134: 수량별 재산정과 원 결제금액 보존 테스트. 취소 후 수량 경계/동시성/차액 지급 및 재결제 인수 미완료.
135: 수량별 재산정과 원 결제금액 보존 테스트. 취소 후 수량 경계/동시성/차액 지급 및 재결제 인수 미완료.
136: 수량별 재산정과 원 결제금액 보존 테스트. 취소 후 수량 경계/동시성/차액 지급 및 재결제 인수 미완료."
"32","RF-02-07-03-2","채널관리자","주문관리","주문 배송정보를 popup 으로 출력되는 화면 페이지","Layer popup","","144","RF-02-07-03-2","부분검증 (개별 인수 미완료)","144: 상태 제한/포인트 및 재고 복구/교환 대체/실패 롤백 테스트. 세부 상태표와 모든 금액 컬럼은 추가 수정·검증 필요."
"33","RF-02-07-03-3","채널관리자","주문관리","반품요청을 처리하는 popup 으로 출력되는 화면 페이지","Layer popup","반품요청을 처리 하기 위한 화면 폼으로 회수 방법을 선택 후에 폼이 변경하는 퍼포먼스가 적용된 화면이 필요합니다.","145","RF-02-07-03-3","부분검증 (개별 인수 미완료)","145: 상태 제한/포인트 및 재고 복구/교환 대체/실패 롤백 테스트. 세부 상태표와 모든 금액 컬럼은 추가 수정·검증 필요."
"34","RF-02-07-03-4","채널관리자","주문관리","교환요청을 처리하는 popup 으로 출력되는 화면 페이지","Layer popup","교환요청을 처리 하기 위한 화면 폼으로 회수 방법을 선택 후에 폼이 변경하는 퍼포먼스가 적용된 화면이 필요합니다.","146","RF-02-07-03-4","부분검증 (개별 인수 미완료)","146: 상태 제한/포인트 및 재고 복구/교환 대체/실패 롤백 테스트. 세부 상태표와 모든 금액 컬럼은 추가 수정·검증 필요."
"35","RF-02-07-03-5","채널관리자","주문관리","취소요청을 처리하는 popup 으로 출력되는 화면 페이지","Layer popup","","147","RF-02-07-03-5","부분검증 (개별 인수 미완료)","147: 상태 제한/포인트 및 재고 복구/교환 대체/실패 롤백 테스트. 세부 상태표와 모든 금액 컬럼은 추가 수정·검증 필요."
"36","RF-02-07-05-2","채널관리자","주문관리","반품보류를 처리하는 popup 으로 출력되는 화면 페이지","Layer popup","","152","RF-02-07-05-2","수정/회귀검증","152: 원문 회수/보류/승인/확정 허용 상태로 통합하고 보류 해제 경로 추가. 단계 건너뛰기 및 중복 확정 차단 회귀검증. 모든 브라우저 팝업 인수와 실 PG 환급은 별도."
"37","RF-02-07-05-3","채널관리자","주문관리","송장정보 변경을 처리하는 popup 으로 출력되는 화면 페이지","Layer popup","","153","RF-02-07-05-3","부분검증 (개별 인수 미완료)","153: 상태 제한/포인트 및 재고 복구/교환 대체/실패 롤백 테스트. 세부 상태표와 모든 금액 컬럼은 추가 수정·검증 필요."
"38","RF-02-07-06-2","채널관리자","주문관리","교환회수 전 보류 처리하는 popup 으로 출력되는 화면 페이지","Layer popup","","156","RF-02-07-06-2","수정/회귀검증","156: 원문 회수/보류/승인/확정 허용 상태로 통합하고 보류 해제 경로 추가. 단계 건너뛰기 및 중복 확정 차단 회귀검증. 모든 브라우저 팝업 인수와 실 PG 환급은 별도."
"39","RF-02-07-06-6","채널관리자","주문관리","교환회수 후 보류 처리하는 popup 으로 출력되는 화면 페이지","Layer popup","","160","RF-02-07-06-6","부분검증 (개별 인수 미완료)","160: 상태 제한/포인트 및 재고 복구/교환 대체/실패 롤백 테스트. 세부 상태표와 모든 금액 컬럼은 추가 수정·검증 필요."
"40","RF-02-07-06-8","채널관리자","주문관리","교환 옵션 변경을 처리하는 popup 으로 출력되는 화면 페이지","Layer popup","","162","RF-02-07-06-8","부분검증 (개별 인수 미완료)","162: 상태 제한/포인트 및 재고 복구/교환 대체/실패 롤백 테스트. 세부 상태표와 모든 금액 컬럼은 추가 수정·검증 필요."
"41","RF-02-07-06-9","채널관리자","주문관리","송장수정을 처리하는 popup 으로 출력되는 화면 페이지","Layer popup","","163","RF-02-07-06-9","부분검증 (개별 인수 미완료)","163: 상태 제한/포인트 및 재고 복구/교환 대체/실패 롤백 테스트. 세부 상태표와 모든 금액 컬럼은 추가 수정·검증 필요."
"42","RF-02-08-01","채널관리자","정산관리","정산월 선택 전 정산 기본화면 페이지","Web Page","","168","RF-02-08-01","부분검증 (개별 인수 미완료)","168: 정산 스냅샷/합계/권한/기간 테스트. 과거 계약/PG 정산 자료와 승인된 수식 대조 없이는 최종 합격 불가."
"43","RF-02-08-01-2","채널관리자","정산관리","정산월 선택 후 정산 기본화면 페이지","Web Page","","170","RF-02-08-01-2","부분검증 (개별 인수 미완료)","170: 정산 스냅샷/합계/권한/기간 테스트. 과거 계약/PG 정산 자료와 승인된 수식 대조 없이는 최종 합격 불가."
"44","RF-03-01-01
~ RF-03-06-02","Shop 채널","전체","Shop채널 웹페이지 요청","Web Page","Shop채널 전체 웹페이지 요청","211;212;213;215;217;219;220;221;222;223;224;225;226;227;228;229;230;231;233;234;235;236;237;238;239;240;241;242;243;245;246","RF-03-01-01;RF-03-01-01;RF-03-01-02;RF-03-02-01;RF-03-03-01;RF-03-04-01;RF-03-04-02;RF-03-04-02-1;RF-03-04-02-2;RF-03-04-02-3;RF-03-04-02-4;RF-03-04-02-5;RF-03-04-02-6;RF-03-04-02-7;RF-03-04-03;RF-03-04-04;RF-03-04-05;RF-03-04-06;RF-03-05-01;RF-03-05-02;RF-03-05-02-1;RF-03-05-02-2;RF-03-05-02-3;RF-03-05-02-4;RF-03-05-02-5;RF-03-05-03;RF-03-05-04;RF-03-05-05;RF-03-05-06;RF-03-06-01;RF-03-06-02","부분검증 (개별 인수 미완료);자료 대기/부분검증;구현/회귀검증","211: Shop/입장코드/기간/회원 제한/OTP 재사용 방어 테스트. 실 SMS/소셜 제외.
212: Shop/입장코드/기간/회원 제한/OTP 재사용 방어 테스트. 실 SMS/소셜 제외.
213: Shop/입장코드/기간/회원 제한/OTP 재사용 방어 테스트. 실 SMS/소셜 제외.
215: 필수 동의/선택 동의/버전 저장 검증. 승인 약관 원문·시행일 적용 전 미완료. 소셜 연동 제외.
217: 신규 퍼블리싱과 실제 배너/상품 연결, 3개 화면 폭 검사. 모든 Shop 설정 조합은 미검수.
219: 신규 디자인/장바구니/주문/포인트/옵션 재고/조회 검증. 모의 결제 기준이며 실 PG 및 모든 옵션 유형은 완료 아님.
220: 신규 디자인/장바구니/주문/포인트/옵션 재고/조회 검증. 모의 결제 기준이며 실 PG 및 모든 옵션 유형은 완료 아님.
221: 신규 디자인/장바구니/주문/포인트/옵션 재고/조회 검증. 모의 결제 기준이며 실 PG 및 모든 옵션 유형은 완료 아님.
222: 신규 디자인/장바구니/주문/포인트/옵션 재고/조회 검증. 모의 결제 기준이며 실 PG 및 모든 옵션 유형은 완료 아님.
223: 신규 디자인/장바구니/주문/포인트/옵션 재고/조회 검증. 모의 결제 기준이며 실 PG 및 모든 옵션 유형은 완료 아님.
224: 신규 디자인/장바구니/주문/포인트/옵션 재고/조회 검증. 모의 결제 기준이며 실 PG 및 모든 옵션 유형은 완료 아님.
225: 신규 디자인/장바구니/주문/포인트/옵션 재고/조회 검증. 모의 결제 기준이며 실 PG 및 모든 옵션 유형은 완료 아님.
226: 신규 디자인/장바구니/주문/포인트/옵션 재고/조회 검증. 모의 결제 기준이며 실 PG 및 모든 옵션 유형은 완료 아님.
227: 신규 디자인/장바구니/주문/포인트/옵션 재고/조회 검증. 모의 결제 기준이며 실 PG 및 모든 옵션 유형은 완료 아님.
228: 신규 디자인/장바구니/주문/포인트/옵션 재고/조회 검증. 모의 결제 기준이며 실 PG 및 모든 옵션 유형은 완료 아님.
229: 신규 디자인/장바구니/주문/포인트/옵션 재고/조회 검증. 모의 결제 기준이며 실 PG 및 모든 옵션 유형은 완료 아님.
230: 신규 디자인/장바구니/주문/포인트/옵션 재고/조회 검증. 모의 결제 기준이며 실 PG 및 모든 옵션 유형은 완료 아님.
231: 신규 디자인/장바구니/주문/포인트/옵션 재고/조회 검증. 모의 결제 기준이며 실 PG 및 모든 옵션 유형은 완료 아님.
233: 본인 주문/문의/클레임/원장 복구/교환 대체 검증. 실 환불/세부 예외/반점 후기는 완료 아님.
234: 본인 주문/문의/클레임/원장 복구/교환 대체 검증. 실 환불/세부 예외/반점 후기는 완료 아님.
235: 본인 주문/문의/클레임/원장 복구/교환 대체 검증. 실 환불/세부 예외/반점 후기는 완료 아님.
236: 본인 주문/문의/클레임/원장 복구/교환 대체 검증. 실 환불/세부 예외/반점 후기는 완료 아님.
237: 본인 주문/문의/클레임/원장 복구/교환 대체 검증. 실 환불/세부 예외/반점 후기는 완료 아님.
238: 본인 주문/문의/클레임/원장 복구/교환 대체 검증. 실 환불/세부 예외/반점 후기는 완료 아님.
239: 0.5점 단위 저장/유효성, hover/키보드/터치/선택해제, 기본값 미선택, 부정 구매 후기 차단, 브라우저 팝업 조작 검증.
240: 본인 주문/문의/클레임/원장 복구/교환 대체 검증. 실 환불/세부 예외/반점 후기는 완료 아님.
241: 본인 주문/문의/클레임/원장 복구/교환 대체 검증. 실 환불/세부 예외/반점 후기는 완료 아님.
242: 본인 주문/문의/클레임/원장 복구/교환 대체 검증. 실 환불/세부 예외/반점 후기는 완료 아님.
243: 본인 주문/문의/클레임/원장 복구/교환 대체 검증. 실 환불/세부 예외/반점 후기는 완료 아님.
245: 실제 공지/첨부/검색/페이지 이동/채널 범위 테스트 및 3개 화면 폭 검사. 운영 첨부 권한은 재확인 필요.
246: 실제 공지/첨부/검색/페이지 이동/채널 범위 테스트 및 3개 화면 폭 검사. 운영 첨부 권한은 재확인 필요."
"45","RF-04-01-01
~ RF-04-02-02-1","발주사","전체","발주사 웹페이지 요청","Web Page","발주사 전체 웹페이지 요청","249;251;252;253;254;255","RF-04-01-01;RF-04-02-01;RF-04-02-01-1;RF-04-02-01-2;RF-04-02-02;RF-04-02-02-1","부분검증 (개별 인수 미완료)","249: 로그인/접속기간/담당 주문/배송 전환/송장 업로드 주요 테스트. 실제 택배/모든 파일 오류와 전체 UI 인수 미완료.
251: 로그인/접속기간/담당 주문/배송 전환/송장 업로드 주요 테스트. 실제 택배/모든 파일 오류와 전체 UI 인수 미완료.
252: 로그인/접속기간/담당 주문/배송 전환/송장 업로드 주요 테스트. 실제 택배/모든 파일 오류와 전체 UI 인수 미완료.
253: 로그인/접속기간/담당 주문/배송 전환/송장 업로드 주요 테스트. 실제 택배/모든 파일 오류와 전체 UI 인수 미완료.
254: 로그인/접속기간/담당 주문/배송 전환/송장 업로드 주요 테스트. 실제 택배/모든 파일 오류와 전체 UI 인수 미완료.
255: 로그인/접속기간/담당 주문/배송 전환/송장 업로드 주요 테스트. 실제 택배/모든 파일 오류와 전체 UI 인수 미완료."
